{
  "generated_bj": "2026-07-19 04:12:25 CST",
  "signals": [
    {
      "coin": "BTC",
      "direction": "OPEN_LONG",
      "delta_notional": 12448781.44,
      "conflict_notional": 2836433.99,
      "wallet_count": 34,
      "max_single_notional": 6452700.0,
      "avg_quality": 0.497,
      "groups": [
        "money_printer",
        "smart_money"
      ],
      "wallets": [
        "0x010461c14e146ac35fe42271bdc1134ee31c703a",
        "0x09bc1cf4d9f0b59e1425a8fde4d4b1f7d3c9410d",
        "0x0fd468a73084daa6ea77a9261e40fdec3e67e0c7",
        "0x15094c3ec74e8a43c082042815e0c135deebb152",
        "0x2e30c32738a28833e3d85189c04895c25ee54cb5",
        "0x31ca8395cf837de08b24da3f660e77761dfb974b",
        "0x34fb5ec7d4e939161946340ea2a1f29254b893de",
        "0x3ff54fd26855db3758d0b5ae7aed47440c47f705",
        "0x588432f54227364caf999a6df88dbf86a90f4772",
        "0x67cd5c1c4548c7ec1a20fadefca19ad42e6230da",
        "0x6ba889db7f923622d3548f621ecc2054b80c1817",
        "0x706bb519b05b7dc01d048af9a5e29d1ef5d6d9e3",
        "0x7ca165f354e3260e2f8d5a7508cc9dd2fa009235",
        "0x7dd6f02fef939cea86f0243358255f6b57a6cf0d",
        "0x8f61bda42be4f511531164930d4545a10dd53acb",
        "0x8f63c88fccae90c1f9eb8b447f830bce7b71dd74",
        "0x95276ba037c30f90c6dfdc83f72af9fd6cecc293",
        "0x9cc53c5af67fb83a16cc41f61e242bade875ab3d",
        "0xa33a2a0179eb17700f12877f3c331b295037ee7b",
        "0xadc9cf23f55c6221a05a8150e5768d7c3289562f",
        "0xbc927e87d072dfac3693846a83fa6922cc6c5f2a",
        "0xc6ac58a7a63339898aeda32499a8238a46d88e84",
        "0xca4903c207a0df58bf37d4bc8bbc5210726f53c8",
        "0xce397f90242c35486cf7f161e7a38e3321feb74f",
        "0xcf3f419d08a5bdc2c6e5fbd9ad70904c5420f95f",
        "0xd071d6d6ea52f5aa34b79e47f908ee48c8215837",
        "0xd47c1e51b759cb3754bb045ae57bc05aadcf58c2",
        "0xd6608f4027ee90db6dc45d0b4b8e2fb0a49c1f61",
        "0xd72cfd2424e26ba32e46b7b2aff95eff34247a71",
        "0xdfd50d93227ad4f896e1ed00c75aa422950a4a51",
        "0xe29d84a6f37858d7f8017be454ee35726511e525",
        "0xe3b3482482899b4890ec5a2093cba2a558d0c14f",
        "0xe52ec3a0f90c66510ff7892354b1a1337afaac63",
        "0xe86b057f5eb764c9738d6b0d38170befd0723664"
      ],
      "amount_change_x": 0.13,
      "state": "COOLDOWN_REPEAT",
      "cooldown_remaining_min": 182.2,
      "lifecycle": {
        "round": 126,
        "duration_hours": 247.0,
        "first_seen": 1783516243.1310878,
        "last_alert": 1784402075.9890747,
        "first_seen_bj": "2026-07-08 21:10:43 CST",
        "last_alert_bj": "2026-07-19 03:14:35 CST"
      },
      "round": 126,
      "duration_hours": 247.0,
      "swing_score": 77.39,
      "swing_bucket": "GOOD",
      "swing_horizon_days": 10,
      "score_parts": {
        "flow_size": 26.0,
        "resonance": 18.0,
        "concentration": 3.85,
        "conflict_penalty": -3.42,
        "wallet_quality": 6.96,
        "persistence": 12.0,
        "sustained_flow": 14.0,
        "spike_penalty": -0.0,
        "overextension_penalty": -0.0
      },
      "flow": {
        "2h": 37840921.2,
        "6h": 44207167.47,
        "24h": 127225671.07,
        "72h": 512960784.13,
        "168h": 1548249619.21
      },
      "ai_score": 77.39,
      "ai_confidence": 0.77,
      "ai_action": "OPEN",
      "final_score": 77.39,
      "reason": "AI 不可用，使用规则回退评分",
      "ai_score_reason": "swing=77.39 bucket=GOOD",
      "risks": [
        "AI 未参与，仅规则判断"
      ],
      "invalidation": "资金流反转或跌破关键位",
      "suggested_leverage": 3,
      "margin_pct": 5,
      "take_profit_pct": 30,
      "stop_loss_pct": 15,
      "max_hold_hours": 240
    },
    {
      "coin": "SOL",
      "direction": "OPEN_SHORT",
      "delta_notional": 456677.96,
      "conflict_notional": 121194.05,
      "wallet_count": 18,
      "max_single_notional": 101392.82,
      "avg_quality": 0.543,
      "groups": [
        "money_printer",
        "smart_money"
      ],
      "wallets": [
        "0x0873ca7cb967af8c35642d903a950d256c1701df",
        "0x0a06ec6754b628be489b2c40bba20c8580392a7b",
        "0x0b1ace05eb9ef1c3a1951b763700ecad24f27741",
        "0x31dea2516beee92135b96f464eeec3cf292a13f2",
        "0x34fb5ec7d4e939161946340ea2a1f29254b893de",
        "0x39475d17bcd20adc540e647dae6781b153fbf3b1",
        "0x5323b92268b4e140ac2133c677e991cd9ad1b23c",
        "0x6ba889db7f923622d3548f621ecc2054b80c1817",
        "0x72cb918356c4f6d3f1b2e532928110ba6995f139",
        "0x770493a14c49ea81192b5191a536f0530041311b",
        "0x7717a7a245d9f950e586822b8c9b46863ed7bd7e",
        "0xa775d1bd91ee2cc4cae6113e5fd9c0c17b355277",
        "0xaf2825f73a90cf08baf2577818826b79e3faca9b",
        "0xbeccae9ffcb69e9d42a1d4e744abf8056149562d",
        "0xd071d6d6ea52f5aa34b79e47f908ee48c8215837",
        "0xe86b057f5eb764c9738d6b0d38170befd0723664",
        "0xf27ebb91ea420f73b59b205ac7e0b77a90ec8f3c",
        "0xf9109ada2f73c62e9889b45453065f0d99260a2d"
      ],
      "amount_change_x": 0.0,
      "state": "COOLDOWN_REPEAT",
      "cooldown_remaining_min": 1.5,
      "lifecycle": {
        "round": 126,
        "duration_hours": 249.9,
        "first_seen": 1783506064.857689,
        "last_alert": 1784391237.9931886,
        "first_seen_bj": "2026-07-08 18:21:04 CST",
        "last_alert_bj": "2026-07-19 00:13:57 CST"
      },
      "round": 126,
      "duration_hours": 249.9,
      "swing_score": 76.68,
      "swing_bucket": "GOOD",
      "swing_horizon_days": 10,
      "score_parts": {
        "flow_size": 22.83,
        "resonance": 18.0,
        "concentration": 6.22,
        "conflict_penalty": -3.98,
        "wallet_quality": 7.6,
        "persistence": 12.0,
        "sustained_flow": 14.0,
        "spike_penalty": -0.0,
        "overextension_penalty": -0.0
      },
      "flow": {
        "2h": 1410217.27,
        "6h": 2513081.65,
        "24h": 6712727.99,
        "72h": 53000394.98,
        "168h": 151929002.32
      },
      "ai_score": 76.68,
      "ai_confidence": 0.77,
      "ai_action": "OPEN",
      "final_score": 76.68,
      "reason": "AI 不可用，使用规则回退评分",
      "ai_score_reason": "swing=76.68 bucket=GOOD",
      "risks": [
        "AI 未参与，仅规则判断"
      ],
      "invalidation": "资金流反转或跌破关键位",
      "suggested_leverage": 3,
      "margin_pct": 5,
      "take_profit_pct": 30,
      "stop_loss_pct": 15,
      "max_hold_hours": 240
    },
    {
      "coin": "HYPE",
      "direction": "OPEN_SHORT",
      "delta_notional": 1392250.42,
      "conflict_notional": 705884.11,
      "wallet_count": 21,
      "max_single_notional": 422909.38,
      "avg_quality": 0.508,
      "groups": [
        "money_printer",
        "smart_money"
      ],
      "wallets": [
        "0x16c95227d8442946c1c152bc8ea16a37ebe1a282",
        "0x27c9fa86c91b84ddfa15de58c482ff662498d65d",
        "0x281354062fa932086890a6bbf7dff7d0a67d220f",
        "0x31dea2516beee92135b96f464eeec3cf292a13f2",
        "0x5323b92268b4e140ac2133c677e991cd9ad1b23c",
        "0x645b2eeaa0a46df3c4211bebda1b2c7703e287b8",
        "0x770493a14c49ea81192b5191a536f0530041311b",
        "0x7717a7a245d9f950e586822b8c9b46863ed7bd7e",
        "0x7fdafde5cfb5465924316eced2d3715494c517d1",
        "0x98256d1a9e3012398237a1720c27a3d7ed1ad905",
        "0xa880d6cc607a05ea617307ab3b0d335e8d8424ee",
        "0xbeccae9ffcb69e9d42a1d4e744abf8056149562d",
        "0xc1fd39727cd10fe97ccac228888f025309560a93",
        "0xcfea17596c15e0f4fe3ba9cab1fcbe804bbbdbbf",
        "0xd4c1f7e8d876c4749228d515473d36f919583d1d",
        "0xe86b057f5eb764c9738d6b0d38170befd0723664",
        "0xec7c3257d80aa80d06d996517020744e40a70b05",
        "0xecb63caa47c7c4e77f60f1ce858cf28dc2b82b00",
        "0xf5d889840ff183c72b0b57aac895303eee76f226",
        "0xf9109ada2f73c62e9889b45453065f0d99260a2d",
        "0xfe72c242af1a4ca8114c6a170ba4a823785241ce"
      ],
      "amount_change_x": 0.0,
      "state": "COOLDOWN_REPEAT",
      "cooldown_remaining_min": 1.5,
      "lifecycle": {
        "round": 133,