{
  "generated_bj": "2026-07-22 06:15:41 CST",
  "signals": [
    {
      "coin": "ETH",
      "direction": "OPEN_SHORT",
      "delta_notional": 2266663.7,
      "conflict_notional": 356710.88,
      "wallet_count": 34,
      "max_single_notional": 686756.46,
      "avg_quality": 0.453,
      "groups": [
        "money_printer",
        "smart_money"
      ],
      "wallets": [
        "0x010461c14e146ac35fe42271bdc1134ee31c703a",
        "0x023a3d058020fb76cca98f01b3c48c8938a22355",
        "0x0dd5db9c3748486e747c6a123727f472668cf6ee",
        "0x1643e9aba4fcfb4e8c1a887090239e34f488cad6",
        "0x1e3001537d0c6799e59245597c541127bac57120",
        "0x27c9fa86c91b84ddfa15de58c482ff662498d65d",
        "0x31ca8395cf837de08b24da3f660e77761dfb974b",
        "0x31dea2516beee92135b96f464eeec3cf292a13f2",
        "0x351126a070c9cadef8064ddd7b2d289fc33163aa",
        "0x3e781befd071c59d820725f70ce109298f750706",
        "0x44871d62caaeb8b91777be8aae0e23ee68b4c92d",
        "0x51651b81c895e654e5402a3fc371e3b60b0dfb1e",
        "0x5ad96a3986b9d2cfab1d39c68002edd17263f5ef",
        "0x67f7aa8fb95c47e6ea9c517b623e0701cbf9d9ba",
        "0x6a9e7566877b52b13b28230b5543cbccf3685870",
        "0x6ba889db7f923622d3548f621ecc2054b80c1817",
        "0x7717a7a245d9f950e586822b8c9b46863ed7bd7e",
        "0x847bd1ef4fede0fe191129894d63044843f4d473",
        "0x8e80c4b533dd977cf716b5c24fd9223129272804",
        "0x91853bcefbdc3447768413e6db7d6e0a81c4be56",
        "0xaf68caebaa151dd592112a07e2344b3950e13561",
        "0xb8eb97eaed8367079894d2f1bed69bd220ec1dd5",
        "0xbeccae9ffcb69e9d42a1d4e744abf8056149562d",
        "0xbf1935fe7ab6d0aa3ee8d3da47c2f80e215b2a1c",
        "0xd4c1f7e8d876c4749228d515473d36f919583d1d",
        "0xd6608f4027ee90db6dc45d0b4b8e2fb0a49c1f61",
        "0xd911e53d53b663972254e086450fd6198a25961e",
        "0xdfd50d93227ad4f896e1ed00c75aa422950a4a51",
        "0xe52ec3a0f90c66510ff7892354b1a1337afaac63",
        "0xebcfa0e05df4c406f4a166b1318581134a8537c0",
        "0xecb63caa47c7c4e77f60f1ce858cf28dc2b82b00",
        "0xf05359fe3426248c3eb48ca9474160dc4510b99d",
        "0xf822fa0fd364c573fcdb7009fcf47601bc8be01a",
        "0xf9109ada2f73c62e9889b45453065f0d99260a2d"
      ],
      "amount_change_x": 0.0,
      "state": "ACTIVE_REPEAT",
      "cooldown_remaining_min": 0,
      "lifecycle": {
        "round": 182,
        "duration_hours": 323.9,
        "first_seen": 1783506064.857689,
        "last_alert": 1784672141.3896048,
        "first_seen_bj": "2026-07-08 18:21:04 CST",
        "last_alert_bj": "2026-07-22 06:15:41 CST"
      },
      "round": 182,
      "duration_hours": 323.9,
      "swing_score": 79.56,
      "swing_bucket": "GOOD",
      "swing_horizon_days": 10,
      "score_parts": {
        "flow_size": 26.0,
        "resonance": 18.0,
        "concentration": 5.58,
        "conflict_penalty": -2.36,
        "wallet_quality": 6.34,
        "persistence": 12.0,
        "sustained_flow": 14.0,
        "spike_penalty": -0.0,
        "overextension_penalty": -0.0
      },
      "flow": {
        "2h": 2266663.7,
        "6h": 36925658.55,
        "24h": 82081519.74,
        "72h": 212303066.88,
        "168h": 596410101.98
      },
      "ai_score": 79.56,
      "ai_confidence": 0.8,
      "ai_action": "OPEN",
      "final_score": 79.56,
      "reason": "AI 不可用，使用规则回退评分",
      "ai_score_reason": "swing=79.56 bucket=GOOD",
      "risks": [
        "AI 未参与，仅规则判断"
      ],
      "invalidation": "资金流反转或跌破关键位",
      "suggested_leverage": 3,
      "margin_pct": 5,
      "take_profit_pct": 30,
      "stop_loss_pct": 15,
      "max_hold_hours": 240
    },
    {
      "coin": "SOL",
      "direction": "OPEN_LONG",
      "delta_notional": 850627.78,
      "conflict_notional": 243779.34,
      "wallet_count": 21,
      "max_single_notional": 209610.92,
      "avg_quality": 0.449,
      "groups": [
        "money_printer",
        "smart_money"
      ],
      "wallets": [
        "0x023a3d058020fb76cca98f01b3c48c8938a22355",
        "0x0a06ec6754b628be489b2c40bba20c8580392a7b",
        "0x2e30c32738a28833e3d85189c04895c25ee54cb5",
        "0x31ca8395cf837de08b24da3f660e77761dfb974b",
        "0x31dea2516beee92135b96f464eeec3cf292a13f2",
        "0x39475d17bcd20adc540e647dae6781b153fbf3b1",
        "0x4ef1c5ae65ab5b37629b7aa523e7e95e7da528e3",
        "0x5323b92268b4e140ac2133c677e991cd9ad1b23c",
        "0x5ad96a3986b9d2cfab1d39c68002edd17263f5ef",
        "0x7717a7a245d9f950e586822b8c9b46863ed7bd7e",
        "0x7a5a42bd6b1fd13368732be8a7b63e06064e0394",
        "0x7d5c17cddaabc227c7d1a34ac7f6cdfda6985d48",
        "0x7fdafde5cfb5465924316eced2d3715494c517d1",
        "0x8f63c88fccae90c1f9eb8b447f830bce7b71dd74",
        "0xaf9f722a676230cc44045efe26fe9a85801ca4fa",
        "0xbeccae9ffcb69e9d42a1d4e744abf8056149562d",
        "0xecb63caa47c7c4e77f60f1ce858cf28dc2b82b00",
        "0xf27ebb91ea420f73b59b205ac7e0b77a90ec8f3c",
        "0xf822fa0fd364c573fcdb7009fcf47601bc8be01a",
        "0xf9109ada2f73c62e9889b45453065f0d99260a2d",
        "0xfc667adba8d4837586078f4fdcdc29804337ca06"
      ],
      "amount_change_x": 0.08,
      "state": "COOLDOWN_REPEAT",
      "cooldown_remaining_min": 121.1,
      "lifecycle": {
        "round": 145,
        "duration_hours": 313.0,
        "first_seen": 1783545190.6951046,
        "last_alert": 1784665005.549713,
        "first_seen_bj": "2026-07-09 05:13:10 CST",
        "last_alert_bj": "2026-07-22 04:16:45 CST"
      },
      "round": 145,
      "duration_hours": 313.0,
      "swing_score": 78.02,
      "swing_bucket": "GOOD",
      "swing_horizon_days": 10,
      "score_parts": {
        "flow_size": 26.0,
        "resonance": 18.0,
        "concentration": 6.03,
        "conflict_penalty": -4.3,
        "wallet_quality": 6.29,
        "persistence": 12.0,
        "sustained_flow": 14.0,
        "spike_penalty": -0.0,
        "overextension_penalty": -0.0
      },
      "flow": {
        "2h": 5930654.96,
        "6h": 5930654.96,
        "24h": 20727432.85,
        "72h": 54885596.76,
        "168h": 148806204.43
      },
      "ai_score": 78.02,
      "ai_confidence": 0.78,
      "ai_action": "OPEN",
      "final_score": 78.02,
      "reason": "AI 不可用，使用规则回退评分",
      "ai_score_reason": "swing=78.02 bucket=GOOD",
      "risks": [
        "AI 未参与，仅规则判断"
      ],
      "invalidation": "资金流反转或跌破关键位",
      "suggested_leverage": 3,
      "margin_pct": 5,
      "take_profit_pct": 30,
      "stop_loss_pct": 15,
      "max_hold_hours": 240
    },
    {
      "coin": "HYPE",
      "direction": "OPEN_SHORT",
      "delta_notional": 3118221.92,
      "conflict_notional": 1480665.79,
      "wallet_count": 28,
      "max_single_notional": 594237.41,
      "avg_quality": 0.457,
      "groups": [
        "money_printer",
        "smart_money"
      ],