{
  "generated_bj": "2026-07-13 05:13:08 CST",
  "signals": [
    {
      "coin": "ETH",
      "direction": "OPEN_SHORT",
      "delta_notional": 2347080.3,
      "conflict_notional": 610185.63,
      "wallet_count": 34,
      "max_single_notional": 768843.63,
      "avg_quality": 0.42,
      "groups": [
        "money_printer",
        "smart_money"
      ],
      "wallets": [
        "0x0a8817c801b0801c2f2acfc8778a7cd807161e07",
        "0x0dd5db9c3748486e747c6a123727f472668cf6ee",
        "0x0eecd62efb05009e2b72964b4bcdbcf653afd4c5",
        "0x1643e9aba4fcfb4e8c1a887090239e34f488cad6",
        "0x2e30c32738a28833e3d85189c04895c25ee54cb5",
        "0x339030695894d065719b8ee501459a467ef1388a",
        "0x351126a070c9cadef8064ddd7b2d289fc33163aa",
        "0x365e0c115f1ca1adcb42fd21142873493df7f880",
        "0x3e781befd071c59d820725f70ce109298f750706",
        "0x5483dd0f8b7d2544a6ac14ba8659988178fd9f4a",
        "0x5efc5eaa41ebfefcc122e7600d3ac81549b6dd8d",
        "0x621c5551678189b9a6c94d929924c225ff1d63ab",
        "0x67f7aa8fb95c47e6ea9c517b623e0701cbf9d9ba",
        "0x7717a7a245d9f950e586822b8c9b46863ed7bd7e",
        "0x793660578d2628b0ec7e0e2b5c75a4847ae80706",
        "0x8f63c88fccae90c1f9eb8b447f830bce7b71dd74",
        "0x91853bcefbdc3447768413e6db7d6e0a81c4be56",
        "0x97991003fd631e2923f40cab2a4fdc35e60dc807",
        "0xaf68caebaa151dd592112a07e2344b3950e13561",
        "0xb8eb97eaed8367079894d2f1bed69bd220ec1dd5",
        "0xba5f4f92f396e6de20d3dae5eefa65f4ecca806a",
        "0xbf1935fe7ab6d0aa3ee8d3da47c2f80e215b2a1c",
        "0xca4903c207a0df58bf37d4bc8bbc5210726f53c8",
        "0xcde682fc64f38967b71cfd00803d4ba3d60e49d1",
        "0xd4c1f7e8d876c4749228d515473d36f919583d1d",
        "0xd6608f4027ee90db6dc45d0b4b8e2fb0a49c1f61",
        "0xd911e53d53b663972254e086450fd6198a25961e",
        "0xdf52df044f1b150dfa79590909cdac6ad83d59fc",
        "0xe52ec3a0f90c66510ff7892354b1a1337afaac63",
        "0xebcfa0e05df4c406f4a166b1318581134a8537c0",
        "0xecb63caa47c7c4e77f60f1ce858cf28dc2b82b00",
        "0xeda7dbbd44a0c5800dfa9cdd3fbb585cdba288f3",
        "0xf05359fe3426248c3eb48ca9474160dc4510b99d",
        "0xfe72c242af1a4ca8114c6a170ba4a823785241ce"
      ],
      "amount_change_x": 0.0,
      "state": "COOLDOWN_REPEAT",
      "cooldown_remaining_min": 179.9,
      "lifecycle": {
        "round": 60,
        "duration_hours": 106.9,
        "first_seen": 1783506064.857689,
        "last_alert": 1783887182.7346182,
        "first_seen_bj": "2026-07-08 18:21:04 CST",
        "last_alert_bj": "2026-07-13 04:13:02 CST"
      },
      "round": 60,
      "duration_hours": 106.9,
      "swing_score": 77.36,
      "swing_bucket": "GOOD",
      "swing_horizon_days": 10,
      "score_parts": {
        "flow_size": 26.0,
        "resonance": 18.0,
        "concentration": 5.38,
        "conflict_penalty": -3.9,
        "wallet_quality": 5.88,
        "persistence": 12.0,
        "sustained_flow": 14.0,
        "spike_penalty": -0.0,
        "overextension_penalty": -0.0
      },
      "flow": {
        "2h": 2885644.28,
        "6h": 7453091.05,
        "24h": 44570363.88,
        "72h": 237098433.23,
        "168h": 950232516.85
      },
      "ai_score": 77.36,
      "ai_confidence": 0.77,
      "ai_action": "OPEN",
      "final_score": 77.36,
      "reason": "AI 不可用，使用规则回退评分",
      "ai_score_reason": "swing=77.36 bucket=GOOD",
      "risks": [
        "AI 未参与，仅规则判断"
      ],
      "invalidation": "资金流反转或跌破关键位",
      "suggested_leverage": 3,
      "margin_pct": 5,
      "take_profit_pct": 30,
      "stop_loss_pct": 15,
      "max_hold_hours": 240
    },
    {
      "coin": "BTC",
      "direction": "OPEN_LONG",
      "delta_notional": 3181142.62,
      "conflict_notional": 1015485.36,
      "wallet_count": 29,
      "max_single_notional": 1400863.63,
      "avg_quality": 0.461,
      "groups": [
        "money_printer",
        "smart_money"
      ],
      "wallets": [
        "0x010461c14e146ac35fe42271bdc1134ee31c703a",
        "0x093f2e026bf3d52f5ba02306976255782ffbf712",
        "0x0fd468a73084daa6ea77a9261e40fdec3e67e0c7",
        "0x1a2e6afa298b1cc50939b4b2b0b430e3c1ef3459",
        "0x25773676902085225ae5751075e4161369334897",
        "0x31ca8395cf837de08b24da3f660e77761dfb974b",
        "0x335f45392f8d87745aaae68f5c192849afd9b60e",
        "0x362c5006ed0a405c35df4a138cb38d891f1a1a20",
        "0x4588595ee0047982cd5ca4a82ab69c3174fbc832",
        "0x49ba9baa20d355ba042af2be9772d2b2cd892f44",
        "0x588432f54227364caf999a6df88dbf86a90f4772",
        "0x6ba889db7f923622d3548f621ecc2054b80c1817",
        "0x6e8bc7cd0978397b06a14af2a8c31f5daeffea79",
        "0x7ca165f354e3260e2f8d5a7508cc9dd2fa009235",
        "0xb668858ff53322d5511651a2cd92391eb5d60ee3",
        "0xbb160cb61e694570f9d570f9fcde7c61dd2143ad",
        "0xbc927e87d072dfac3693846a83fa6922cc6c5f2a",
        "0xbeccae9ffcb69e9d42a1d4e744abf8056149562d",
        "0xcf3f419d08a5bdc2c6e5fbd9ad70904c5420f95f",
        "0xd6608f4027ee90db6dc45d0b4b8e2fb0a49c1f61",
        "0xdfd50d93227ad4f896e1ed00c75aa422950a4a51",
        "0xe3b3482482899b4890ec5a2093cba2a558d0c14f",
        "0xe52ec3a0f90c66510ff7892354b1a1337afaac63",
        "0xe86b057f5eb764c9738d6b0d38170befd0723664",
        "0xf5d889840ff183c72b0b57aac895303eee76f226",
        "0xf9109ada2f73c62e9889b45453065f0d99260a2d",
        "0xf92ddf919186b80d8619a12e7f4379f678939b74",
        "0xfcf104006bfff47695c1dc21dad3e9de1e72098e",
        "0xfeee942a06d2f8012823ccde7bf7bcbcaa29a09f"
      ],
      "amount_change_x": 0.1,
      "state": "COOLDOWN_REPEAT",
      "cooldown_remaining_min": 62.1,
      "lifecycle": {
        "round": 56,
        "duration_hours": 104.0,
        "first_seen": 1783516243.1310878,
        "last_alert": 1783880115.9065375,
        "first_seen_bj": "2026-07-08 21:10:43 CST",
        "last_alert_bj": "2026-07-13 02:15:15 CST"
      },
      "round": 56,
      "duration_hours": 104.0,
      "swing_score": 76.14,
      "swing_bucket": "GOOD",
      "swing_horizon_days": 10,
      "score_parts": {
        "flow_size": 26.0,
        "resonance": 18.0,
        "concentration": 4.48,
        "conflict_penalty": -4.79,
        "wallet_quality": 6.45,
        "persistence": 12.0,
        "sustained_flow": 14.0,
        "spike_penalty": -0.0,
        "overextension_penalty": -0.0
      },
      "flow": {
        "2h": 3181142.62,
        "6h": 24957449.21,
        "24h": 125822735.85,
        "72h": 498995175.34,
        "168h": 835644821.76
      },
      "ai_score": 76.14,
      "ai_confidence": 0.76,
      "ai_action": "OPEN",
      "final_score": 76.14,
      "reason": "AI 不可用，使用规则回退评分",
      "ai_score_reason": "swing=76.14 bucket=GOOD",
      "risks": [
        "AI 未参与，仅规则判断"
      ],
      "invalidation": "资金流反转或跌破关键位",
      "suggested_leverage": 3,
      "margin_pct": 5,
      "take_profit_pct": 30,
      "stop_loss_pct": 15,
      "max_hold_hours": 240
    },
    {
      "coin": "HYPE",
      "direction": "OPEN_SHORT",
      "delta_notional": 713380.87,
      "conflict_notional": 558705.05,
      "wallet_count": 16,
      "max_single_notional": 340099.44,
      "avg_quality": 0.511,
      "groups": [
        "money_printer",
        "smart_money"
      ],